Name;Identity;Birth place;Publisher;Height;Weight;Gender;First appearance;Eye color;Hair color;Strength;Intelligence
A-Bomb;Richard Milhouse Jones;Scarsdale, Arizona;Marvel Comics;203.21;441.95;M;2008.0;Yellow;No Hair;100.0;moderate
Abraxas;Abraxas;Within Eternity ;Marvel Comics;;;M;N/A;Blue;Black;100.0;high
Abomination;Emil Blonsky;Zagreb, Yugoslavia;Marvel Comics;203.04;441.98;M;N/A;Green;No Hair;80.0;good
Agent 13;Sharon Carter;;Marvel Comics;173.41;61.03;F;N/A;Blue;Blond;N/A;N/A
Air-Walker;Gabriel Lan;Xandar, a planet in the Tranta system, Andromeda galaxy;Marvel Comics;188.59;108.23;M;N/A;Blue;White;85.0;average
Agent Bob;Bob;;Marvel Comics;178.25;81.45;M;2007.0;Brown;Brown;10.0;low
Abe Sapien;Abraham Sapien;;Dark Horse Comics;191.24;65.35;M;1993.0;Blue;No Hair;30.0;high
Animal Man;Bernhard Baker;;DC Comics;183.8;83.39;M;1965.0;Blue;Blond;50.0;average
Agent Zero;Christoph Nord;Unrevealed location in former East Germany ;Marvel Comics;191.29;104.17;M;N/A;;;30.0;good
Angel Dust;Christina;;Marvel Comics;165.78;57.21;F;N/A;Yellow;Black;55.0;moderate
Angel Salvadore;Angel Salvadore Bohusk;;Marvel Comics;163.57;54.67;F;2001.0;Brown;Black;10.0;moderate
Zoom;Hunter Zolomon;;DC Comics;185.9;81.93;M;N/A;Red;Brown;10.0;average
Lady Deathstrike;Yuriko Oyama;Osaka, Japan;Marvel Comics;175.85;58.89;F;1985.0;Brown;Black;30.0;good
Yoda;Yoda;;George Lucas;66.29;17.01;M;1980.0;Brown;White;55.0;high
Zatanna;Zatanna Zatara;;DC Comics;170.29;57.77;F;N/A;Blue;Black;10.0;high
Yellowjacket II;Rita DeMara;;Marvel Comics;165.58;52.36;F;N/A;Blue;Strawberry Blond;10.0;average
Yellowjacket;Hank Pym;Elmsford, New York;Marvel Comics;183.03;83.71;M;N/A;Blue;Blond;10.0;high
Absorbing Man;Carl Creel;New York City, New York;Marvel Comics;193.36;122.28;M;1964.0;Blue;No Hair;80.0;moderate
X-Man;Nate Grey;American Northeast of Earth-295 ;Marvel Comics;175.82;61.8;M;1995.0;Blue;Brown;55.0;high
X-23;Laura Kinney;The Facility, location unrevealed ;Marvel Comics;155.61;50.39;F;N/A;Green;Black;25.0;good
Adam Strange;Adam Strange;Chicago, Illinois;DC Comics;185.1;88.92;M;1986.0;Blue;Blond;10.0;good
Wonder Girl;Cassandra Elizabeth Sandsmark;;DC Comics;165.74;51.33;F;1996.0;Blue;Blond;90.0;good
Wonder Woman;Diana Prince;Themyscira;DC Comics;183.13;74.74;F;1941.0;Blue;Black;100.0;high
Wolverine;Logan;Alberta, Canada;Marvel Comics;160.7;135.21;M;N/A;Blue;Black;35.0;good
Ymir;Ymir;Niffleheim;Marvel Comics;304.63;;M;N/A;White;No Hair;100.0;average
Wiz Kid;Takashi Matsuya;Place of birth unknown;Marvel Comics;140.86;39.64;;N/A;Brown;Black;N/A;N/A
Wolfsbane;Rahne Sinclair;Somewhere in Ross and Cromarty, Scotland;Marvel Comics;366.34;473.76;F;N/A;Green;Auburn;20.0;moderate
White Queen;Emma Grace Frost;Boston, Massachusetts;Marvel Comics;178.87;65.87;F;N/A;Blue;Blond;N/A;N/A
Wyatt Wingfoot;Wyatt Wingfoot;Keewazi Reservation, Oklahoma;Marvel Comics;196.42;117.16;M;N/A;Brown;Black;10.0;low
Weapon XI;Weapon XI;;Marvel Comics;;;M;N/A;;;N/A;N/A
Winter Soldier;Bucky Barnes;;Marvel Comics;175.21;117.21;M;2005.0;Brown;Brown;35.0;average
Watcher;Uatu;;Marvel Comics;;;M;1963.0;;;80.0;high
Wonder Man;Simon Williams;Paterson, New Jersey;Marvel Comics;188.9;171.57;M;N/A;Red;Black;100.0;good
Wasp;Janet Van Dyne;Cresskill, New Jersey;Marvel Comics;163.86;50.04;F;N/A;Blue;Auburn;20.0;good
Warlock;Adam Warlock;The Beehive, Shard Island, Atlantic Ocean;Marvel Comics;188.22;108.14;M;N/A;Red;Blond;40.0;high
Warbird;Carol Danvers;Boston, Massachusetts;Marvel Comics;180.56;54.75;F;N/A;Blue;Blond;N/A;N/A
Wildfire;Drake Burroughs;;DC Comics;;;M;N/A;;;35.0;average
Vulture;Adrian Toomes;Staten Island, New York City ;Marvel Comics;180.61;79.63;M;N/A;Brown;No Hair;25.0;good
Warp;Emil LaSalle;;DC Comics;173.42;67.42;M;1981.0;Brown;Black;10.0;moderate
Warpath;James Proudstar;Camp Verde, Arizona ;Marvel Comics;218.05;158.22;M;1984.0;Brown;Black;75.0;moderate
War Machine;James Rupert Rhodes;Philadelphia, Pennsylvania ;Marvel Comics;185.01;95.93;M;1979.0;Brown;Brown;80.0;good
Vulcan;Gabriel Summers;;Marvel Comics;;;M;N/A;Black;Black;N/A;N/A
Vision II;Vision;Place of birth unknown;Marvel Comics;191.39;135.51;;N/A;Red;No Hair;N/A;N/A
Walrus;Hubert Carpent;Brooklyn, New York;Marvel Comics;183.7;162.03;M;1984.0;Blue;Black;30.0;average
Vision;Vision;;Marvel Comics;191.51;135.95;M;N/A;Gold;No Hair;75.0;high
Violet Parr;Violet Parr;;Dark Horse Comics;137.18;41.13;F;2004.0;Violet;Black;10.0;average
Venompool;Wade Wilson;;Marvel Comics;226.84;;M;2011.0;;;60.0;good
Venom III;MacDonald Gargan;;Marvel Comics;229.39;334.7;M;2005.0;Brown;Brown;75.0;good
Vindicator;Dr. James McDonald Hudson;;Marvel Comics;;;M;N/A;;;N/A;N/A
Venom II;Angelo Fortunato;;Marvel Comics;175.07;50.76;M;2005.0;Brown;Black;60.0;average
Venom;Eddie Brock;New York, New York;Marvel Comics;191.35;117.61;M;N/A;Blue;Strawberry Blond;60.0;good
Vegeta;Vegeta;;Shueisha;168.94;73.24;M;N/A;;Black;100.0;high
Vixen;Mari McCabe;Zambesi;DC Comics;175.71;63.57;F;1981.0;Amber;Black;40.0;average
Valkyrie;Brunnhilde (also spelled Brunnhilda);Presumably Asgard;Marvel Comics;191.63;214.67;F;N/A;Blue;Blond;95.0;high
Vagabond;Priscilla Lyons;;Marvel Comics;169.0;54.62;F;N/A;Blue;Strawberry Blond;N/A;N/A
Ultron;Ultron;Created in Cresskill, New Jersey;Marvel Comics;206.9;331.61;M;1968.0;Red;;85.0;high
Triton;Triton;Island of Attilan, Atlantic Ocean;Marvel Comics;188.35;86.83;M;1965.0;Green;No Hair;65.0;average
Two-Face;Harvey Dent;;DC Comics;183.12;82.87;M;N/A;;;10.0;high
Triplicate Girl;Luornu Durgo;;DC Comics;168.97;59.83;F;N/A;Purple;Brown;10.0;good
Ultragirl;Tsu-Zana;;Marvel Comics;168.27;105.9;F;N/A;Blue;Blond;80.0;average
Tracy Strauss;Tracy Strauss;Beverly Hills, CA;NBC - Heroes;;;F;N/A;;;N/A;N/A
Vindicator;Heather Hudson;Calgary, Alberta, Canada ;Marvel Comics;165.54;54.46;F;1980.0;Green;Red;65.0;good
Toxin;Eddie Brock;San Francisco, California;Marvel Comics;191.57;117.09;M;N/A;Black;Blond;80.0;good
Tinkerer;Phineas Mason;;Marvel Comics;163.96;54.93;M;1963.0;Brown;White;10.0;high
Tigra;Greer Grant Nelson;Presumably Chicago Illinois USA;Marvel Comics;178.04;81.12;F;N/A;Green;Auburn;35.0;good
Vibe;Cisco Ramon;;DC Comics;178.77;71.32;M;N/A;Brown;Black;10.0;average
Thundra;Thundra;;Marvel Comics;218.65;158.89;F;1972.0;Green;Red;85.0;moderate
Thunderstrike;Eric Kevin Masterson;;Marvel Comics;198.42;288.86;M;N/A;Blue;Blond;80.0;good
Toxin;Patrick Mulligan;New York City ;Marvel Comics;188.69;97.56;M;2004.0;Blue;Brown;75.0;average
Thunderbird II;James Proudstar;;Marvel Comics;;;M;N/A;;;N/A;N/A
Thunderbird;John Proudstar;Camp Verde, Arizona ;Marvel Comics;185.12;101.49;M;1975.0;Brown;Black;35.0;average
Thor Girl;Tarene;;Marvel Comics;175.74;143.17;F;N/A;Blue;Blond;85.0;good
Trickster;Giovanni Giuseppe;;DC Comics;183.54;81.37;M;1960.0;Blue;Blond;N/A;N/A
Thing;Ben Grimm;New York City, New York;Marvel Comics;183.55;225.42;M;1961.0;Blue;No Hair;85.0;good
The Comedian;Edward Morgen Blake;;DC Comics;188.41;101.45;M;1986.0;Brown;Black;15.0;good
The Cape;Vince Faraday;;N/A;;;M;2011.0;;;10.0;moderate
Thanos;Thanos;Titan;Marvel Comics;201.26;443.19;M;N/A;Red;No Hair;100.0;high
Tiger Shark;Todd Arliss;Pasadena, California;Marvel Comics;185.25;203.03;M;1968.0;Grey;No Hair;75.0;moderate
Thunderbird III;Neal Shaara;Bangladesh;Marvel Comics;175.86;74.28;M;N/A;Brown;Black;N/A;N/A
Taskmaster;Tony Masters;;Marvel Comics;188.74;99.9;M;N/A;Brown;Brown;15.0;good
Toad;Mortimer Toynbee;York, England ;Marvel Comics;175.32;76.04;M;1964.0;Black;Brown;35.0;average
T-X;Cyberdyne Systems Series X Terminator;;Dark Horse Comics;;149.33;F;N/A;;;65.0;good
T-1000;Cyberdyne Systems Series 1000 Terminator;;Dark Horse Comics;183.33;146.83;M;N/A;;;35.0;good
T-800;Cyberdyne Systems Series 800 Terminator Model 101;;Dark Horse Comics;;176.28;M;1984.0;Red;;35.0;good
T-850;Cyberdyne Systems Series 850 Terminator;;Dark Horse Comics;;198.72;M;2003.0;Red;;80.0;good
Synch;Everett Thomas;;Marvel Comics;180.68;74.0;M;1994.0;Brown;Black;70.0;good
Swarm;Fritz von Meyer;;Marvel Comics;196.71;47.11;M;1977.0;Yellow;No Hair;20.0;good
Thor;Thor Odinson;Asgard;Marvel Comics;198.35;288.61;M;1962.0;Blue;Blond;100.0;good
Swamp Thing;Alec Holland;;DC Comics;;;M;1972.0;Red;No Hair;95.0;high
Supergirl;Kara Zor-El;Argo City, Krypton;DC Comics;165.4;54.8;F;2004.0;Blue;Blond;100.0;high
Superboy-Prime;Kal-El;Krypton (Earth-Prime) ;DC Comics;180.55;77.41;M;1985.0;Blue;Black / Blue;100.0;high
Sylar;Gabriel Gray;;NBC - Heroes;;;M;N/A;;;10.0;good
Tempest;Angel Salvadore Bohusk;;Marvel Comics;163.02;54.36;F;2001.0;Brown;Black;10.0;moderate
Sunspot;Roberto DaCosta;Rio de Janeiro, Brazil ;Marvel Comics;173.58;77.69;M;1982.0;brown;black;65.0;good
Storm;Ororo Munroe;New York, New York;Marvel Comics;180.72;57.5;F;1975.0;Blue;White;10.0;good
Stephanie Powell;Stephanie Powell;;ABC Studios;;;F;2010.0;;Blond;10.0;good
Superman;Clark Kent;Krypton;DC Comics;191.73;101.73;M;N/A;Blue;Black;100.0;high
Starfire;Koriand'r;Tamaran;DC Comics;193.77;71.78;F;1980.0;Green;Auburn;80.0;average
Superboy;Kon-El / Conner Kent;Project Cadmus cloning facility;DC Comics;170.61;68.91;M;1993.0;Blue;Black;95.0;good
Steel;John Irons;Washington, D.C.;DC Comics;201.58;131.13;M;1993.0;Brown;No Hair;85.0;high
Stargirl;Courtney Whitmore;;DC Comics;165.81;62.94;F;1999.0;Blue;Blond;80.0;good
Static;Virgil Hawkins;Paris Island, Dakota City;DC Comics;170.36;63.41;M;1993.0;Brown;Black;10.0;good
Star-Lord;Peter Jason Quill;;Marvel Comics;188.25;79.21;M;1976.0;Blue;Blond;20.0;good
Spock;S'chn T'gai Spock;;Star Trek;185.69;81.1;M;N/A;Brown;Black;20.0;high
Spider-Woman III;Martha Franklin;Rochester, New York ;Marvel Comics;173.47;55.37;F;1998.0;Brown;Brown;50.0;average
Spyke;Evan Daniels;;Marvel Comics;183.01;83.37;M;2000.0;Brown;Blond;15.0;average
Spider-Man;Miles Morales;;Marvel Comics;157.37;56.06;M;2011.0;Brown;Black;N/A;N/A
Spider-Woman IV;Charlotte Witter;;Marvel Comics;178.09;58.78;F;N/A;Red;White;N/A;N/A
Spider-Woman;Jessica Drew;London, England;Marvel Comics;178.02;59.1;F;1977.0;Green;Black;45.0;average
Spider-Man;Miguel O'Hara;;Marvel Comics;178.67;77.27;;1992.0;Red;Brown;N/A;N/A
Spider-Man;Peter Parker;New York, New York;Marvel Comics;178.28;74.25;M;N/A;Hazel;Brown;55.0;high
Spider-Girl;May 'Mayday' Parker;New York City, New York;Marvel Comics;170.98;54.75;F;1998.0;Blue;Brown;40.0;good
Spider-Gwen;Gwen Stacy;;Marvel Comics;165.79;56.59;F;N/A;Blue;Blond;55.0;good
Speedball;Robert Baldwin;Springdale, Connecticut;Marvel Comics;;;M;N/A;;;N/A;N/A
Spider-Carnage;Benjamin Reilly;;Marvel Comics;;;M;N/A;;;N/A;N/A
Speedy;Thea Queen;Starling City;DC Comics;;;F;N/A;Green;Brown;10.0;average
Speedy;Roy William Harper, Jr.;;DC Comics;;;M;N/A;;;N/A;N/A
Spawn;Al Simmons;Detroit, Michigan (8th level of Hell after rebirth);Image Comics;211.5;405.59;M;1992.0;Brown;Black;60.0;good
Space Ghost;Thaddeus Bach;;DC Comics;188.86;113.78;M;1966.0;;;20.0;moderate
Spectre;Aztar;;DC Comics;;;M;1940.0;White;No Hair;100.0;high
Songbird;Melissa Joan Gold;Shoshoni, Wyoming ;Marvel Comics;166.0;65.25;F;N/A;Green;Red / White;40.0;good
Snowbird;Narya;Near Resolute Bay, Northwest Territories, Canada ;Marvel Comics;178.86;49.79;F;N/A;White;Blond;35.0;average
Siryn;Theresa Rourke Cassidy;Cassidy Keep, County Mayo, Ireland ;Marvel Comics;168.85;52.64;F;N/A;Blue;Strawberry Blond;10.0;moderate
Solomon Grundy;Cyrus Gold;Gotham City;DC Comics;279.22;437.61;M;1944.0;Black;White;95.0;low
Sobek;Yurrd the Unknown;"Nile River; Bioengineered at Oolong Island";DC Comics;;;M;N/A;White;No Hair;35.0;average
Siren;Hila;;DC Comics;175.46;72.75;F;1965.0;Blue;Purple;65.0;average
Simon Baz;Simoon Baz;Dearborn, Michigan;DC Comics;;;M;2012.0;Bown;Black;90.0;average
Siren II;La Sirene la Bailene;Atlantis;DC Comics;;;F;1999.0;Black;;N/A;N/A
Silver Surfer;Norrin Radd;Zenn-La;Marvel Comics;193.01;101.34;M;N/A;White;No Hair;100.0;average
Silk Spectre II;Laurie Juspeczyk;;DC Comics;;;F;N/A;;;55.0;high
Silk Spectre;Sally Juspeczyk;;DC Comics;;;F;N/A;;;N/A;N/A
Silverclaw;Maria de Guadalupe Santiago;The village of Kamekeri, Costa Verde ;Marvel Comics;157.8;50.22;F;1998.0;Brown;Black;30.0;average
Sif;Sif;;Marvel Comics;188.8;191.83;F;1964.0;Blue;Black;90.0;good
Shriek;Frances Louise Barrison;;Marvel Comics;173.95;52.83;F;N/A;Yellow / Blue;Black;10.0;average
Sinestro;Thaal Sinestro;Korugar City, Korugar;DC Comics;201.14;92.64;M;N/A;Black;Black;85.0;good
Shazam;Billy Batson;Fawcett City, United States;DC Comics;193.74;101.3;M;1940.0;Blue;Black;100.0;high
Shatterstar;Gaveedra Seven;Mojoworld;Marvel Comics;191.57;88.93;M;N/A;Brown;Red;50.0;good
She-Thing;Sharon Ventura;;Marvel Comics;183.89;153.41;F;N/A;Blue;No Hair;75.0;good
Shadowcat;Kitty Pryde;Deerfield, Illinois;Marvel Comics;168.63;50.4;F;1980.0;Hazel;Brown;10.0;high
Shang-Chi;Shang-Chi;;Marvel Comics;178.38;79.29;M;1973.0;Brown;Black;15.0;good
Shadow King;Amahl Farouk;;Marvel Comics;185.48;149.19;;1979.0;Red;;15.0;good
Shadow Lass;Tasmia Mallor;Talok VIII;DC Comics;173.11;54.25;F;N/A;Black;Black;10.0;good
Sebastian Shaw;Sebastian Hiram Shaw;;Marvel Comics;;;M;N/A;;;85.0;good
Silk;Cindy Moon;;Marvel Comics;;;F;N/A;Brown;Black;50.0;good
Shocker;Herman Schultz;;Marvel Comics;175.62;79.4;M;N/A;Brown;Brown;10.0;good
Scorpia;Elaine Coll;;Marvel Comics;;;F;1995.0;Green;Red;30.0;moderate
Scorpion;MacDonald Gargan;;Marvel Comics;211.06;310.21;M;1964.0;Brown;Brown;55.0;average
Scarlet Witch;Wanda Maximoff;Wundagore Mountain, Transia;Marvel Comics;170.18;59.69;F;1964.0;Blue;Brown;10.0;high
Scarlet Spider II;Kaine Parker;;Marvel Comics;193.21;113.66;M;1994.0;Brown;Brown;55.0;high
Scarlet Spider;Benjamin Reilly;Place of birth unknown;Marvel Comics;178.79;74.97;M;N/A;Blue;Blond;55.0;good
Sentry;Robert Reynolds;;Marvel Comics;188.84;87.95;M;2000.0;Blue;Blond;100.0;good
Savage Dragon;Kurr;;Image Comics;;;M;N/A;;;70.0;good
Sandman;William Baker;Queens, New York;Marvel Comics;185.37;203.29;M;1963.0;Brown;Brown;75.0;average
Sasquatch;Walter Langkowski;Edmonton, Alberta, Canada ;Marvel Comics;305.02;900.7;M;N/A;Red;Orange;80.0;good
Sage;Tessa;Place of birth unknown;Marvel Comics;170.27;61.51;F;N/A;Blue;Black;10.0;good
Scarecrow;Jonathan Crane;;DC Comics;183.09;63.95;M;1941.0;Blue;Brown;10.0;high
Sabretooth;Victor Creed;;Marvel Comics;198.44;171.74;M;1977.0;Amber;Blond;50.0;average
Ronin;Clint Barton;Waverly, Iowa ;Marvel Comics;191.05;104.16;M;N/A;Blue;Blond;15.0;average
Rorschach;Walter Joseph Kovacs;;DC Comics;168.6;63.06;M;1986.0;Blue;Red;10.0;good
Rocket Raccoon;Rocket Raccoon;;Marvel Comics;122.77;25.73;M;1976.0;Brown;Brown;5.0;average
Rogue;Anna Marie;Caldecott County, Mississippi ;Marvel Comics;173.48;54.43;F;1981.0;Green;Brown / White;10.0;good
Robin VI;Carrie Kelley;Gotham City;DC Comics;;;F;N/A;Green;Red;10.0;average
Robin V;Damian Wayne;;DC Comics;137.24;38.46;M;N/A;Blue;Black;10.0;good
She-Hulk;Jennifer Walters;Los Angeles, California;Marvel Comics;201.68;315.26;F;N/A;Green;Green;100.0;high
Ripcord;Miranda Leevald;;Marvel Comics;180.86;72.57;F;N/A;Green;Black;N/A;N/A
Robin III;Tim Drake;;DC Comics;165.94;56.03;M;1989.0;Blue;Black;15.0;high
Robin II;Jason Todd;;DC Comics;183.41;101.63;M;N/A;Blue;Red;15.0;good
Rick Flag;Richard Rogers Flag;;DC Comics;185.78;85.91;M;1959.0;Blue;Brown;15.0;high
Rip Hunter;Richard Hunter;;DC Comics;;;M;N/A;Blue;Blond;10.0;high
Rhino;Aleksei Mikhailovich Sytsevich;;Marvel Comics;196.94;320.96;M;N/A;Brown;Brown;80.0;moderate
Riddler;Edward Nigma;;DC Comics;;;M;1948.0;;;10.0;high
Redeemer III;Eddie Frank;;Image Comics;;;M;N/A;;;N/A;N/A
Redeemer II;Phil Timper;;Image Comics;;;M;N/A;;;N/A;N/A
Red Tornado;John Smith;;DC Comics;185.95;146.22;M;N/A;Green;No Hair;40.0;good
Robin;Dick Grayson;;DC Comics;178.21;79.49;M;1940.0;Blue;Black;15.0;high
Red Robin;Tim Drake;Gotham City;DC Comics;165.39;56.35;M;1989.0;Blue;Black;15.0;high
Sauron;Sauron;;J. R. R. Tolkien;279.9;;M;N/A;;;85.0;high
Red Hood;Jason Todd;;DC Comics;183.8;81.15;M;N/A;Blue;Black;15.0;good
Red Hulk;Thaddeus E. Ross;;Marvel Comics;213.98;630.09;M;2008.0;Yellow;Black;100.0;average
Red Mist;Chris Genovese;;Icon Comics;;;M;N/A;;;10.0;moderate
Red Arrow;Roy Harper;;DC Comics;180.49;83.58;M;2007.0;Green;Red;20.0;good
Ray;Ray Terrill;;DC Comics;178.39;70.96;M;N/A;Green;Red;10.0;average
Raven;Rachel Roth;Azarath;DC Comics;165.01;50.41;F;1980.0;Indigo;Black;10.0;average
Rambo;John Rambo;Bowie, Arizona;N/A;178.95;83.73;M;1972.0;Brown;Black;15.0;good
Razor-Fist II;Douglas Scott;;Marvel Comics;191.11;117.57;M;1981.0;Blue;No Hair;N/A;N/A
Red Skull;Johann Shmidt;An unidentified village in Germany;Marvel Comics;188.32;108.08;M;1965.0;Blue;No Hair;10.0;good
Quill;Maxwell Jordan;;Marvel Comics;163.63;56.11;M;N/A;Brown;Brown;10.0;moderate
Quicksilver;Pietro Django Maximoff;Wundagore Mountain, Transia (in Eastern Europe);Marvel Comics;183.48;79.36;M;N/A;Blue;Silver;30.0;good
Pyro;St. John Allerdyce;Sydney, Australia ;Marvel Comics;178.72;68.48;M;N/A;Blue;Blond;10.0;moderate
Q;Q;;Star Trek;;;M;N/A;;;15.0;high
Question;Charles Victor Szasz;;DC Comics;188.41;83.26;M;1967.0;Blue;Blond;15.0;high
Punisher;Frank Castle;Queens, New York;Marvel Comics;183.26;90.9;M;N/A;Blue;Black;20.0;good
Ra's Al Ghul;Ra's Al Ghul;Egypt;DC Comics;193.06;97.76;M;1971.0;Green;Grey;30.0;high
Purple Man;Zebediah Killgrave;;Marvel Comics;180.3;74.13;M;1964.0;Purple;Purple;10.0;average
Psylocke;Elizabeth Braddock;Braddock Manor, England;Marvel Comics;180.88;70.96;F;1986.0;Blue;Purple;35.0;good
Professor X;Charles Francis Xavier;New York, New York;Marvel Comics;183.74;86.89;M;1963.0;Blue;No Hair;10.0;high
Proto-Goblin;Nels Van Adder;;Marvel Comics;;;M;1990.0;Green;Blond;40.0;good
Predator;Yautja;Yautja Prime;Dark Horse Comics;213.59;234.19;M;1987.0;;;30.0;good
Power Man;Luke Cage;;Marvel Comics;;;M;N/A;;;N/A;N/A
Polaris;Lorna Dane;Presumably northern California - not confirmed;Marvel Comics;170.9;52.89;F;1968.0;Green;Green;75.0;good
Poison Ivy;Pamela Isley;Seattle, Washington;DC Comics;168.14;50.94;F;N/A;Green;Red;15.0;high
Power Girl;Kara Zor-L;;DC Comics;180.59;81.64;F;1976.0;blue;blond;100.0;high
Plastique;Bette Sans Souci;;DC Comics;168.96;55.76;F;N/A;Blue;Red;10.0;average
Plastic Man;Patrick O'Brian;;DC Comics;185.71;80.28;M;1941.0;Blue;Black;65.0;average
Professor Zoom;Eobard Thawne;;DC Comics;180.79;81.8;M;1963.0;Blue;Strawberry Blond;10.0;high
Plantman;Samuel Smithers;London, England;Marvel Comics;183.54;87.62;M;1963.0;Green;Grey;60.0;good
Phantom Stranger;Judas Iscariot;;DC Comics;188.22;83.84;M;N/A;Black;Black;10.0;high
Phantom Girl;Tinya Wazzo;;DC Comics;168.58;54.99;F;2004.0;Blue;Black;10.0;moderate
Peter Petrelli;Peter Petrelli;;NBC - Heroes;;;M;N/A;;;30.0;good
Phantom;Christopher Walker;;DC Comics;;;M;N/A;;;50.0;good
Phoenix;Jean Grey;;Marvel Comics;168.89;52.07;F;1963.0;Green;Red;100.0;high
Penguin;Oswald Chesterfield Cobblepot;;DC Comics;157.89;79.13;M;1941.0;Blue;Black;10.0;good
Penance II;Robert Baldwin;Springdale, Connecticut ;Marvel Comics;183.72;89.9;M;2007.0;Blue;Blond;20.0;average
Plastic Lad;Luke O'Brian;;DC Comics;;;M;N/A;;;N/A;N/A
Paul Blart;Paul Blart;;Sony Pictures;170.43;117.6;M;N/A;;;15.0;low
Ozymandias;Adrian Veidt;;DC Comics;;;M;N/A;Blue;Blond;20.0;high
Overtkill;Nicholas Rocca;;Image Comics;;;M;N/A;;;N/A;N/A
Osiris;Amon Tomaz;;DC Comics;;;M;N/A;Brown;Brown;85.0;good
Oracle;Barbara Gordon;;DC Comics;178.12;59.33;F;1989.0;Blue;Red;15.0;good
Onslaught;Onslaught;;Marvel Comics;305.41;405.08;M;1996.0;Red;No Hair;100.0;high
One Punch Man;Saitama;;Shueisha;175.64;69.95;M;N/A;;No Hair;100.0;moderate
Omega Red;Arkady Gregorivich;;Marvel Comics;211.79;191.4;M;N/A;Red;Blond;N/A;N/A
Omniscient;Omniscient is the closest English word that compares to his alien tongue.;Another Unknown World;Team Epic TV;180.22;65.3;M;N/A;Brown;Black;N/A;N/A
Odin;Odin Borson;Asgard;Marvel Comics;206.15;293.35;M;N/A;Blue;White;85.0;high
Nova;Richard Rider;Queens, NY;Marvel Comics;185.25;86.37;M;1976.0;Brown;Brown;85.0;high
Nova;Frankie Raye;;Marvel Comics;163.93;59.72;F;1975.0;White;Red;60.0;good
Offspring;Luke O'Brian;;DC Comics;;;M;N/A;;;10.0;average
Nite Owl II;Daniel Dreiberg;;DC Comics;;;M;N/A;;;N/A;N/A
Northstar;Jean-Paul Beaubier;Montreal, Qu�bec, Canada ;Marvel Comics;180.66;83.02;M;1979.0;Blue;Black;20.0;average
Niki Sanders;Nicole Sanders;;NBC - Heroes;;;F;N/A;Blue;Blond;55.0;good
Nick Fury;Nicholas Joseph Fury;New York City;Marvel Comics;185.88;99.28;M;1963.0;Brown;Brown / White;15.0;good
Nightwing;Dick Grayson;Gotham City;DC Comics;178.31;79.07;M;N/A;Blue;Black;15.0;high
Nightcrawler;Kurt Wagner;Somewhere in the Bavarian Alps;Marvel Comics;175.3;88.14;M;N/A;Yellow;Indigo;10.0;average
Negasonic Teenage Warhead;Ellie Phimister;;Marvel Comics;;;F;N/A;Black;Black;10.0;average
Nathan Petrelli;Nathan Petrelli;;NBC - Heroes;;;M;N/A;Brown;;N/A;N/A
Namorita;Namorita Prentiss;Atlantis Outskirts;Marvel Comics;168.79;101.41;F;1972.0;Blue;Blond;75.0;average
Namor;Namor McKenzie;Atlantis;Marvel Comics;188.39;125.24;M;1939.0;Grey;Black;95.0;good
Mystique;Raven Darkholme;;Marvel Comics;178.65;54.96;F;N/A;Yellow (without irises);Red / Orange;15.0;good
Namora;Aquaria Nautica Neptunia;Unnamed Atlantean outpost;Marvel Comics;180.85;85.53;F;1947.0;Blue;Blond;85.0;average
Mysterio;Quentin Beck;New York, New York ;Marvel Comics;180.47;79.93;M;1964.0;Brown;No Hair;10.0;high
Multiple Man;James Arthur;Los Alamos, New Mexico;Marvel Comics;180.92;70.18;M;N/A;Blue;Brown;15.0;good
Ms Marvel II;Sharon Ventura;Pullman, Washington;Marvel Comics;173.45;61.61;F;N/A;Blue;Red;65.0;moderate
Mr Incredible;Robert Parr;;Dark Horse Comics;201.81;158.2;M;2004.0;Blue;Blond;85.0;average
Mr Immortal;Craig Hollis;;Marvel Comics;188.81;70.09;M;N/A;Blue;Blond;10.0;average
Morph;Kevin Sydney;Pittsburgh, Pennsylvania ;Marvel Comics;178.31;79.88;M;N/A;White;No Hair;N/A;N/A
Moonstone;Karla Sofen;Van Nuys, California;Marvel Comics;180.72;59.78;F;1975.0;Blue;Blond;70.0;average
Moses Magnum;Moses Magnum;;Marvel Comics;175.06;72.87;M;1975.0;Brown;Black;30.0;good
Morlun;Morlun;;Marvel Comics;188.26;79.52;M;2001.0;White / Red;Black;60.0;good
Moon Knight;Marc Spector ;Chicago, Illinois;Marvel Comics;188.71;101.35;M;1975.0;Brown;Brown;40.0;average
Monica Dawson;Monica Dawson;;NBC - Heroes;;;F;N/A;;;10.0;average
Molten Man;Mark Raxton;;Marvel Comics;196.96;248.27;M;1965.0;Gold;Gold;75.0;average
Monarch;Nathaniel Christopher Adam;;DC Comics;193.57;90.72;M;1987.0;Blue;White;100.0;high
Mogo;Mogo;;DC Comics;;;M;1985.0;;;N/A;N/A
MODOK;George Tarleton;;Marvel Comics;366.2;338.21;M;N/A;White;Brownn;20.0;high
Mohinder Suresh;Mohinder Suresh;India;NBC - Heroes;;;M;N/A;;;N/A;N/A
Mockingbird;Barbara Morse;San Diego, California;Marvel Comics;175.58;61.33;F;1971.0;Blue;Blond;35.0;good
Moloch;Edgar William Jacobi;;DC Comics;;;M;N/A;;;N/A;N/A
Mister Zsasz;Victor Zsasz;;DC Comics;;;M;N/A;Blue;Blond;25.0;high
Mister Sinister;Nathaniel Essex;London, England ;Marvel Comics;196.89;128.37;M;1987.0;Red;Black;50.0;high
Mister Mxyzptlk;Mr. Mxyzptlk;;DC Comics;;;M;N/A;;;85.0;high
Mister Freeze;Victor Fries;;DC Comics;183.59;86.47;M;1959.0;;;35.0;good
Mister Fantastic;Reed Richards;Central City, California ;Marvel Comics;185.01;81.68;M;N/A;Brown;Brown;10.0;high
Mister Knife;J'son;Spartax, Spartoi Empire, near the Shi'ar Galaxy;Marvel Comics;;;M;2000.0;Blue;Brown;10.0;good
Misfit;Charlotte Gage-Radcliffe;;DC Comics;;;F;N/A;Blue;Red;35.0;good
Mimic;Calvin Montgomery Rankin;Passiac, New Jersey ;Marvel Comics;188.79;101.48;M;N/A;Brown;Brown;70.0;good
Miss Martian;M'gann M'orzz;Mars;DC Comics;178.49;61.25;F;2006.0;Red;Red;85.0;good
Minna Murray;Wilhelmina Harker;;Wildstorm;;;F;N/A;;;N/A;N/A
Micro Lad;Gim Allon;;DC Comics;183.12;77.22;M;2004.0;Grey;Brown;30.0;moderate
Micah Sanders;Micah Sanders;;NBC - Heroes;;;M;N/A;Brown;Black;10.0;good
Metron;Metron;;DC Comics;185.57;86.05;M;1971.0;Blue;Black;10.0;high
Metamorpho;Rex Mason;;DC Comics;185.94;90.48;M;N/A;Black;No Hair;85.0;good
Metallo;John Corben;;DC Comics;196.93;90.94;M;1987.0;Green;Brown;55.0;good
Mera;Mera;;DC Comics;175.36;72.75;F;1963.0;Blue;Red;65.0;average
Meltdown;Tabitha Smith ;Roanoke, Virginia ;Marvel Comics;165.31;54.5;F;N/A;Blue;Blond;10.0;moderate
Maya Herrera;Maya Herrera;Dominican Republic;NBC - Heroes;;;F;N/A;;;10.0;average
Maverick;Christopher Bradley ;;Marvel Comics;193.06;110.36;M;1995.0;Blue;Black;10.0;good
Medusa;Medusalith Amaquelin Boltagon;Island of Attilan, Atlantic Ocean ;Marvel Comics;180.5;59.39;F;1965.0;Green;Red;35.0;good
Match;Kent Connor;;DC Comics;;;M;1997.0;Black;Black;95.0;good
Matt Parkman;Matthew Parkman;;NBC - Heroes;;;M;N/A;;;10.0;good
Master Chief;John-117;Elysium City, Eridanus II;Microsoft;213.92;;M;N/A;Brown;Brown;75.0;good
Master Brood;Currently Colin Wood;Perhaps England;Team Epic TV;183.08;81.2;M;N/A;Blue;Black;N/A;N/A
Marvel Girl;Rachel Anne Summers;;Marvel Comics;170.21;56.06;F;N/A;Green;Red;85.0;good
Martian Manhunter;J'onn J'onzz;;DC Comics;201.86;135.18;M;1955.0;Red;No Hair;95.0;high
Man-Bat;Robert Kirkland Langstrom;Chicago, Illinois;DC Comics;;;M;1970.0;Brown;Brown;20.0;moderate
Mandarin;Khan;China;Marvel Comics;188.1;97.65;M;1964.0;Blue;White;30.0;high
Magog;David Reid;;DC Comics;;;M;N/A;Blue;Blond;50.0;average
Machine Man;X-51, Aaron Stack;Central City, California;Marvel Comics;183.42;383.81;;N/A;Red;Black;35.0;good
Man-Thing;Dr. Theodore Sallis ;;Marvel Comics;213.38;225.6;M;1971.0;Red;No Hair;35.0;average
Lyja;Lyja;;Marvel Comics;;;F;N/A;Green;Green;N/A;N/A
Mach-IV;Abner Jenkins;Baltimore, Maryland ;Marvel Comics;180.36;79.2;M;2005.0;Brown;Brown;40.0;good
Luna;Luna Maximoff;Attilan, Blue Area of the Moon;Marvel Comics;;;F;N/A;;;10.0;moderate
Man-Wolf;John Jameson;New York, New York;Marvel Comics;188.66;90.4;M;N/A;Brown;Auburn;45.0;good
Magneto;Erik Magnus Lensherr;Unrevealed, probably somewhere in Northern Europe;Marvel Comics;188.8;86.4;M;N/A;Grey;White;80.0;high
Luke Skywalker;Luke Skywalker;Tatooine;George Lucas;168.13;77.0;M;1977.0;Blue;Blond;40.0;good
Luke Campbell;Luke Campbell;;NBC - Heroes;;;M;N/A;;;N/A;N/A
Loki;Loki Laufeyson;Jotunheim, Asgard ;Marvel Comics;193.83;236.11;M;N/A;Green;Black;65.0;high
Lobo;Lobo;;DC Comics;229.4;288.82;M;N/A;Red;Black;100.0;high
Luke Cage;Luke Cage;Harlem, New York City;Marvel Comics;198.43;191.98;M;1972.0;Brown;Black;65.0;average
Lightning Lad;Garth Ranzz;;DC Comics;155.07;65.89;M;N/A;Blue;Red;10.0;moderate
Light Lass;Ayla Ranzz;;DC Comics;165.34;54.36;F;N/A;Blue;Red;10.0;moderate
Lex Luthor;Lex Luthor;;DC Comics;188.73;95.22;M;N/A;Green;No Hair;55.0;high
Lightning Lord;Mekt Ranzz;;DC Comics;191.41;95.89;M;2007.0;Blue;Red;10.0;average
Legion;David Haller;Israel;Marvel Comics;175.86;59.83;M;1985.0;Green / Blue;Black;100.0;average
Leader;Samuel Sterns;Boise, Idaho ;Marvel Comics;178.74;63.34;M;N/A;Green;No Hair;10.0;high
Leonardo;Leonardo;;IDW Publishing;;;M;N/A;Blue;No Hair;20.0;good
Kyle Rayner;Kyle Rayner;North Hollywood, Los Angeles, California;DC Comics;180.32;79.62;M;N/A;Green;Black;90.0;good
Krypto;Krypto the Superdog;;DC Comics;64.21;18.11;M;1955.0;Blue;White;80.0;low
Kraven the Hunter;Sergei Kravinoff;Volgograd (formerly Stalingrad), Russia ;Marvel Comics;183.95;106.67;M;1964.0;Brown;Black;35.0;good
Kraven II;Alyosha Kravinoff;;Marvel Comics;191.26;99.03;M;1997.0;Brown;Black;35.0;average
Klaw;Ulysses Klaw;Vlaardingen, Netherlands;Marvel Comics;188.61;97.99;M;1966.0;Red;No Hair;40.0;good
Kingpin;Wilson Grant Fisk;New York City area;Marvel Comics;201.92;203.47;M;1967.0;Blue;No Hair;20.0;good
King Shark;Nanaue;;DC Comics;;;M;N/A;Black;No Hair;90.0;average
Lizard;Curtis Connors;Coral Gables, Florida;Marvel Comics;203.53;230.6;M;N/A;Red;No Hair;55.0;average
Liz Sherman;Elizabeth Anne Sherman;;Dark Horse Comics;;;F;N/A;;;N/A;N/A
King Kong;King Kong;Skull Island;N/A;30.87;9.79;M;1933.0;Yellow;Black;100.0;average
Kylo Ren;Ben Solo;;George Lucas;;;M;2015.0;;;45.0;average
Killer Croc;Waylon Jones;;DC Comics;244.58;356.55;M;1983.0;Red;No Hair;55.0;low
Killer Frost;Caitlin Snow;;DC Comics;;;F;N/A;Blue;Blond;10.0;high
Kid Flash;Wallace Rudolph West;Blue Valley, Nebraska;DC Comics;;;M;1960.0;Green;Red;5.0;moderate
Kid Flash II;Bartholomew Allen II;;DC Comics;;;M;N/A;;;N/A;N/A
Kick-Ass;Dave Lizewski;New York City;Icon Comics;;;M;N/A;Blue;Blond;10.0;moderate
Kevin 11;Kevin Ethan Levin;;DC Comics;;;M;N/A;;Black;10.0;moderate
Katniss Everdeen;Katniss Everdeen;;N/A;;;F;N/A;;;10.0;average
Kathryn Janeway;Kathryn Janeway;Bloomington, Indiana, Earth;Star Trek;;;F;N/A;;;10.0;good
Kang;Nathaniel Richards;Other Earth, 31st century ;Marvel Comics;191.3;104.95;M;1964.0;Brown;Brown;50.0;high
Karate Kid;Val Armorr;Orando;DC Comics;173.14;72.23;M;N/A;Brown;Brown;65.0;good
Justice;Vance Astrovik;;Marvel Comics;178.91;81.1;M;1975.0;Hazel;Brown;10.0;average
Juggernaut;Cain Marko;Berkeley, California;Marvel Comics;287.95;855.82;M;1965.0;Blue;Red;100.0;average
Judge Dredd;Joseph Dredd;Mega City One;Rebellion;188.09;;M;1977.0;;;20.0;good
Jubilee;Jubilation Lee;Beverly Hills, California;Marvel Comics;165.92;52.34;F;1989.0;Red;Black;10.0;average
Joker;Jack Napier;;DC Comics;196.07;86.91;M;1940.0;Green;Green;10.0;high
Jolt;Helen Takahama;Ojai, California ;Marvel Comics;165.49;49.38;F;1997.0;Blue;Black;15.0;good
John Stewart;John Stewart;;DC Comics;185.83;91.0;M;N/A;Green;Black;85.0;average
Johann Krauss;Johann Krauss;;Dark Horse Comics;;;M;2003.0;;;N/A;N/A
John Constantine;John Constantine;;DC Comics;183.28;;M;1985.0;Blue;Blond;10.0;good
JJ Powell;JJ Powell ;;ABC Studios;;;M;2010.0;;;10.0;high
Jim Powell;Jim Powell;;ABC Studios;;;M;2010.0;;;40.0;moderate
Jyn Erso;Jyn Erso;;George Lucas;;;F;2016.0;Green;Brown;N/A;N/A
Jessica Jones;Jessica Campbell Jones Cage;Forrest Hills, New York City;Marvel Comics;170.19;56.96;F;1963.0;Brown;Brown;45.0;average
Jigsaw;Billy Russo;;Marvel Comics;188.82;113.14;M;1976.0;Blue;Black;N/A;N/A
Jesse Quick;Jesse Chambers;;DC Comics;;;F;N/A;;;N/A;N/A
Jean-Luc Picard;Jean-Luc Picard;La Barre, France, Earth;Star Trek;;;M;1987.0;;;10.0;good
Jessica Cruz;Jessica Cruz;;DC Comics;;;F;2013.0;Green;Brown;90.0;average
Jean Grey;Jean Grey;;Marvel Comics;168.53;52.68;F;1963.0;Green;Red;80.0;high
Jason Bourne;Jason Bourne;;N/A;;;M;N/A;;;15.0;high
Jennifer Kale;Jennifer Kale;Citrusville, Florida ;Marvel Comics;168.46;55.46;F;1972.0;Blue;Blond;10.0;good
James T. Kirk;James T. Kirk;Riverside, Iowa, Earth;Star Trek;178.86;77.66;M;N/A;Hazel;Brown;15.0;good
Jack Bauer;Kiefer Sutherland;Enola, Pennsylvania;N/A;;;M;N/A;;;N/A;N/A
Jack-Jack;Jack-Jack Parr;;Dark Horse Comics;71.73;14.67;M;2004.0;Blue;Brown;35.0;low
Jack of Hearts;Jonathan Hart;New Haven, Connecticut;Marvel Comics;155.18;79.28;M;1976.0;Blue / White;Brown;55.0;good
Isis;Adrianna Tomaz;;DC Comics;;;F;N/A;;;50.0;good
James Bond;James Bond;;Titan Books;183.69;;M;N/A;blue;Blond;15.0;high
Iron Man;Tony Stark;Long Island, New York;Marvel Comics;198.91;191.88;M;1963.0;Blue;Black;85.0;high
Iron Fist;Danny Rand;;Marvel Comics;180.56;79.56;M;1974.0;Blue;Blond;55.0;good
Ink;Eric Gitter;;Marvel Comics;180.62;81.86;M;2008.0;Blue;No Hair;30.0;moderate
Invisible Woman;Susan Storm Richards;Glenville, Long Island, New York ;Marvel Comics;168.33;54.92;F;N/A;blue;Blond;10.0;high
Jar Jar Binks;Jar Jar Binks;Naboo;George Lucas;193.84;;M;N/A;Yellow;;10.0;low
Impulse;Bartholomew Allen II;;DC Comics;170.3;65.83;M;1994.0;Yellow;Auburn;10.0;average
Indiana Jones;Indiana Jones;Princeton, New Jersey;George Lucas;183.78;79.76;M;1981.0;;;10.0;good
Iceman;Bobby Drake;Fort Washington, Long Island, New York ;Marvel Comics;173.93;65.58;M;N/A;Brown;Brown;35.0;good
Hyperion;Mark Milton;;Marvel Comics;183.82;207.29;M;N/A;Blue;Red;100.0;high
Iron Monger;Obadiah Stane;;Marvel Comics;;2.34;M;N/A;Blue;No Hair;65.0;high
Hybrid;Scott Washington;Bedford-Stuyvesant, Brooklyn, New York City;Marvel Comics;175.76;77.85;M;N/A;Brown;Black;65.0;good
Husk;Paige Elisabeth Guthrie;Cumberland, Kentucky;Marvel Comics;170.84;58.07;F;1984.0;Blue;Blond;65.0;good
Huntress;Helena Rosa Bertinelli;;DC Comics;180.44;59.36;F;1989.0;Blue;Black;10.0;good
Human Torch;Johnny Storm;Glenville, Long Island, New York;Marvel Comics;178.71;77.83;M;1961.0;Blue;Blond;15.0;good
John Wraith;John Wraith;;Marvel Comics;183.1;88.5;M;1992.0;Brown;Black;15.0;good
Hydro-Man;Morris Bench;Bronx, New York;Marvel Comics;188.67;119.09;M;1981.0;Brown;Brown;15.0;moderate
Indigo;Iroque;;DC Comics;;;F;2008.0;;Purple;65.0;good
Howard the Duck;Howard (Last name unrevealed);New Stork, New Stork, Duckworld;Marvel Comics;79.35;18.45;M;N/A;Brown;Yellow;N/A;N/A
Hollow;Monet St. Croix;;Marvel Comics;170.68;;F;1994.0;Blue;Red;N/A;N/A
Hope Summers;Hope Summers;;Marvel Comics;168.17;48.58;F;2008.0;Green;Red;10.0;good
Hiro Nakamura;Hiro Nakamura;Tokyo, Japan;NBC - Heroes;;;M;N/A;;;15.0;good
Hulk;Bruce Banner;Dayton, Ohio;Marvel Comics;244.4;630.9;M;1962.0;Green;Green;100.0;high
Hellcat;Patricia Walker;Centerville, CA USA;Marvel Comics;173.48;61.48;F;1976.0;Blue;Red;15.0;good
Hellboy;Anung Un Rama;;Dark Horse Comics;259.7;158.57;M;1993.0;Gold;Black;55.0;good
Heat Wave;Mick Rory;;DC Comics;180.8;81.57;M;1963.0;Blue;No Hair;10.0;moderate
Hawkwoman II;Sharon Parker;;DC Comics;;;F;N/A;;;N/A;N/A
Hawkwoman;Shayera Hol;;DC Comics;175.12;54.34;F;1961.0;Green;Red;N/A;N/A
Hawkwoman III;Shayera Thal;;DC Comics;170.89;65.97;F;N/A;Blue;Red;N/A;N/A
Hawkman;Carter Hall;;DC Comics;185.32;88.54;M;1940.0;Blue;Brown;65.0;good
Hercules;Heracles;Thebes, Greece;Marvel Comics;196.14;146.76;M;N/A;Blue;Brown;100.0;good
Hellstorm;Daimon Hellstrom;Greentown, Massachusetts;Marvel Comics;185.02;81.45;M;N/A;Red;Red;60.0;good
Hawkeye II;Katherine Elizabeth Bishop;New York City, New York;Marvel Comics;165.42;57.64;F;2005.0;Blue;Black;10.0;average
Hit-Girl;Mindy McCready;;Icon Comics;;;F;N/A;;;10.0;average
Havok;Alexander Summers;Honolulu, Hawaii;Marvel Comics;183.74;79.52;M;N/A;Blue;Blond;10.0;good
Harry Potter;Harry James Potter;;J. K. Rowling;;;M;N/A;Green;Black;10.0;good
Hobgoblin;Roderick Kingsley;;Marvel Comics;180.17;83.49;M;N/A;Blue;Grey;60.0;good
Harley Quinn;Harley Quinn;;DC Comics;170.32;63.23;F;1999.0;Blue;Blond;15.0;high
Hancock;John Hancock;;Sony Pictures;188.9;;M;N/A;Brown;Black;90.0;good
Hawk;Henry Hall;;DC Comics;185.91;89.4;M;1968.0;Red;Brown;40.0;moderate
Han Solo;Han Solo;Corellia;George Lucas;183.1;79.33;M;1977.0;Brown;Brown;10.0;average
Hawkeye;Clint Barton;Waverly, Iowa;Marvel Comics;191.01;104.93;M;1964.0;Blue;Blond;15.0;average
Guardian;James Hudson;London, Ontario, Canada;Marvel Comics;;;M;N/A;Brown;Black;N/A;N/A
Guy Gardner;Guy Gardner;Baltimore, Maryland ;DC Comics;188.06;95.32;M;N/A;Blue;Red;90.0;moderate
Hawkgirl;Kendra Saunders;;DC Comics;175.09;61.93;F;1999.0;Green;Red;30.0;average
Green Goblin IV;Phillip Benjamin Urich;;Marvel Comics;178.95;79.86;M;1995.0;Green;Brown;N/A;N/A
Hal Jordan;Hal Jordan;Coast City, California;DC Comics;188.69;90.57;M;N/A;Brown;Brown;90.0;good
Groot;Groot;;Marvel Comics;701.12;4.82;M;1960.0;Yellow;;85.0;good
Green Goblin III;Barton Hamilton;;Marvel Comics;183.66;88.47;M;N/A;;;N/A;N/A
Goliath IV;William Barrett Foster;Watts, Los Angeles, California ;Marvel Comics;183.18;90.2;M;2006.0;Brown;Black;N/A;N/A
Gorilla Grodd;Grodd;;DC Comics;198.45;270.64;M;1959.0;Yellow;Black;55.0;high
Gravity;Greg Willis;Sheboygan, Wisconsin;Marvel Comics;178.26;79.73;M;2005.0;Blue;Brown;35.0;average
Greedo;Greedo;Rodia;George Lucas;170.61;;M;N/A;Purple;;10.0;moderate
Goliath;Hank Pym;;Marvel Comics;;;M;N/A;;;N/A;N/A
Goliath;Erik Josten;;Marvel Comics;;;M;N/A;;;N/A;N/A
Goliath;Clint Barton;;Marvel Comics;;;M;N/A;;;N/A;N/A
Green Goblin;Norman Osborn;Hartford, Connecticut;Marvel Comics;180.83;83.4;M;1964.0;Blue;Auburn;50.0;high
Goblin Queen;Madelyne Jennifer Pryor;Created in Sinister's Labs, Nebraska ;Marvel Comics;168.55;50.38;F;N/A;Green;Red;10.0;good
Green Goblin II;Harold Osborn;New York City;Marvel Comics;178.98;77.02;M;N/A;Blue;Auburn;55.0;good
Gladiator;Kallark;;Marvel Comics;198.37;268.53;M;N/A;Blue;Blue;100.0;average
Giganta;Doris Zuel;;DC Comics;62.65;630.8;F;1944.0;Green;Red;90.0;high
Ghost Rider II;Daniel Ketch;;Marvel Comics;;;;N/A;;;70.0;average
Giant-Man;Hank Pym;;Marvel Comics;;;M;N/A;;;N/A;N/A
Genesis;Tyler Dayspring;;Marvel Comics;185.66;86.17;M;1994.0;Blue;Blond;70.0;good
Goku;Kakarot;;Shueisha;175.49;62.02;M;N/A;;;100.0;average
Green Arrow;Oliver Queen;;DC Comics;188.03;88.99;M;1941.0;Green;Blond;15.0;high
Garbage Man;Richard Ethan Morse;;DC Comics;;;M;2011.0;;;85.0;good
General Zod;Dru-Zod;Krypton;DC Comics;;;M;N/A;Black;Black;100.0;high
Gary Bell;Gary Bell;;SyFy;;;M;N/A;;;5.0;good
Gambit;Remy Etienne LeBeau;New Orleans, Louisiana;Marvel Comics;185.55;81.57;M;2006.0;Red;Brown;10.0;good
Ghost Rider;Johnny Blaze;Waukegan, Illinois;Marvel Comics;188.51;99.2;M;1972.0;Red;No Hair;55.0;average
Godzilla;Gojira;;N/A;108.55;90.93;;1954.0;;;100.0;average
Gamora;Gamora Zen Whoberi Ben Titan;Planet Zen Whoberi, Silican System, Milky Way;Marvel Comics;183.65;77.77;F;1975.0;Yellow;Black;85.0;good
Galactus;Galan;"(Galan) Taa; (Galactus) the Cosmic Egg ";Marvel Comics;876.84;16.2;M;1966.0;Black;Black;100.0;high
Frenzy;Joanna Cargill;;Marvel Comics;211.4;104.42;F;N/A;Brown;Black;55.0;good
Frigga;Frigga;Place of birth unknown;Marvel Comics;180.7;167.21;F;N/A;Blue;White;N/A;N/A
Franklin Storm;Dr. Franklin Storm;Place of birth unknown;Marvel Comics;188.91;92.11;;N/A;Blue;Grey;10.0;moderate
Franklin Richards;Franklin  Richards;New York, New York;Marvel Comics;142.42;45.3;M;N/A;Blue;Blond;80.0;good
Flash IV;Bartholomew Allen II;;DC Comics;157.27;52.49;M;2003.0;Yellow;Auburn;10.0;good
Flash II;Barry Allen;Fallville, Iowa;DC Comics;183.41;88.32;M;1956.0;Blue;Blond;50.0;high
Flash Gordon;Steven Gordon;;N/A;;;M;1966.0;;;70.0;high
Flash III;Wally West;Blue Valley, Nebraska;DC Comics;183.88;86.49;M;1960.0;;;10.0;good
Firestorm;Ronald Raymond;;DC Comics;188.81;91.51;M;1978.0;Blue;Auburn;80.0;moderate
Fixer;Paul Norbert Ebersol;Dayton, Ohio;Marvel Comics;;;;N/A;Red;No Hair;N/A;N/A
Firestar;Angelica Jones;Place of birth unknown;Marvel Comics;173.63;56.41;F;1985.0;Green;Red;10.0;average
Firebird;Bonita Juarez;Buena Vista, New Mexico;Marvel Comics;165.81;56.8;F;N/A;Brown;Black;10.0;moderate
Fighting Spirit;Carol Carter;;DC Comics;;;F;N/A;;Red;N/A;N/A
Feral;Maria Callasantos;Place of birth unknown;Marvel Comics;175.71;50.73;;N/A;Yellow (without irises);Orange / White;30.0;moderate
Flash;Jay Garrick;Hibbardsville, Kansas;DC Comics;180.86;81.07;M;1940.0;Blue;Brown / White;10.0;good
Firelord;Pyreus Kril;Xander, planet in Tranta System, Andromeda Galaxy;Marvel Comics;193.14;99.18;;N/A;White;Yellow;65.0;moderate
Faora;Faora Hu-Ul;;DC Comics;;;F;1977.0;;;95.0;high
Falcon;Sam Wilson;New York, New York;Marvel Comics;188.18;108.33;M;1969.0;Brown;Black;15.0;moderate
Fabian Cortez;Fabian Cortez;Place of birth unknown;Marvel Comics;196.69;96.02;;N/A;Blue;Brown;N/A;N/A
Firestorm;Jason Rusch;;DC Comics;;;M;N/A;Brown;Black;55.0;average
Exodus;Bennet du Paris ;;Marvel Comics;183.66;88.8;M;1993.0;Blue;Black;85.0;good
Evil Deadpool;Wade Wilson;;Marvel Comics;188.62;95.91;M;2011.0;White;Red;35.0;good
Ethan Hunt;Ethan Hunt;Madison, Wisconsin, United States of America;N/A;168.7;;M;N/A;Brown;Brown;15.0;good
Evilhawk;Dargin Bokk ;;Marvel Comics;191.25;106.78;M;1992.0;Red;Black;35.0;average
Enchantress;June Moone;;DC Comics;168.99;57.72;F;N/A;Blue;Blond;15.0;good
Etrigan;Jason Blood;Hell;DC Comics;193.76;203.5;M;1972.0;Red;No Hair;85.0;average
Emma Frost;Emma Frost;Boston, Massachusetts;Marvel Comics;178.97;65.55;F;N/A;Blue;Blond;65.0;good
Elektra;Elektra Natchios;;Marvel Comics;175.21;59.91;F;N/A;Blue;Black;15.0;good
Elongated Man;Ralph Dibny;;DC Comics;185.43;80.32;M;1960.0;Blue;Red;10.0;good
Elastigirl;Helen Parr;;Dark Horse Comics;168.31;56.49;F;2004.0;Brown;Brown;35.0;good
Ego;Ego;The Black Galaxy;Marvel Comics;;;;N/A;;;80.0;high
Dr Manhattan;Jonathan Osterman;;DC Comics;;;M;1986.0;White;No Hair;100.0;high
Drax the Destroyer;Arthur Sampson Douglas;Burbank, California;Marvel Comics;193.01;306.42;M;1973.0;Red;No Hair;80.0;average
Dormammu;Dormammu;Faltine Dimension;Marvel Comics;185.69;;M;1964.0;Yellow;No Hair;95.0;high
Doomsday;Doomsday;Krypton;DC Comics;244.01;412.67;M;1992.0;Red;White;100.0;good
Electro;Maxwell Dillon;;Marvel Comics;180.17;74.32;M;1964.0;Blue;Auburn;10.0;good
Domino;Neena Thurman;Project: Armageddon base, Everglades, Florida ;Marvel Comics;173.82;54.41;F;1992.0;Blue;Black;10.0;good
Doctor Doom II;Kristoff Vernard;Doomstadt, Latveria ;Marvel Comics;201.45;132.11;M;N/A;Brown;Brown;65.0;high
Doctor Doom;Victor von Doom;Haasenstadt, Latveria;Marvel Comics;201.52;187.41;M;1962.0;Brown;Brown;35.0;high
Doctor Fate;Kent Nelson;;DC Comics;188.81;89.45;M;1940.0;Blue;Blond;20.0;high
DL Hawkins;Daniel Lawrence Hawkins;;NBC - Heroes;;;M;N/A;;;15.0;average
Diamondback;Willis Stryker;;Marvel Comics;193.35;90.71;M;1972.0;Brown;Black;20.0;average
Donna Troy;Donna Hinckley Stacey Troy;;DC Comics;175.45;63.12;F;1965.0;Blue;Black;95.0;high
Doc Samson;Leonard Samson;Tulsa, Oklahoma;Marvel Comics;198.63;171.86;M;1971.0;Blue;Green;80.0;good
Deathstroke;Slade Joseph Wilson;;DC Comics;193.87;101.98;M;1980.0;Blue;White;30.0;good
Doctor Strange;Stephen Strange;Philadelphia, Pennsylvania ;Marvel Comics;188.98;81.14;M;1963.0;Grey;Black;10.0;high
Deadpool;Wade Wilson;Canada ;Marvel Comics;188.0;95.32;M;1991.0;Brown;No Hair;35.0;good
Deadshot;Floyd Lawton;;DC Comics;185.55;91.15;M;1950.0;Brown;Brown;10.0;average
Doctor Octopus;Otto Octavius;Schenectady, New York;Marvel Comics;175.81;110.19;M;1963.0;Brown;Brown;50.0;high
Deadman;Boston Brand;;DC Comics;183.31;90.27;M;1967.0;Blue;Black;10.0;average
Data;Data;;Star Trek;;;M;N/A;Yellow;Brown;35.0;high
Dazzler;Alison Blaire;Gardendale, Long Island, New York ;Marvel Comics;173.32;52.67;F;1980.0;Blue;Blond;10.0;good
Darth Vader;Anakin Skywalker;Tatooine;George Lucas;198.29;135.2;M;1977.0;Yellow;No Hair;50.0;good
Darkstar;Laynia Petrovna;Minks, USSR;Marvel Comics;168.97;56.27;F;1976.0;Brown;Blond;10.0;moderate
Darkman;Peyton Westlake;;Universal Studios;;;M;1990.0;;;15.0;good
Darkseid;Uxas;;DC Comics;267.37;817.57;M;1970.0;Red;No Hair;100.0;high
Darkhawk;Christopher Powell;Queens, New York;Marvel Comics;185.18;81.44;M;1991.0;Brown;Brown;35.0;average
Dash;Dashiell Robert Parr;;Dark Horse Comics;122.83;27.31;M;2004.0;Blue;Blond;15.0;moderate
Dagger;Tandy Bowen;Shaker Heights, Ohio;Marvel Comics;165.69;52.89;F;N/A;Blue;Blond;10.0;good
Deathlok;Luther Manning;;Marvel Comics;193.95;178.92;M;1974.0;Brown;Grey;35.0;good
Cyclops;Scott Summers;Anchorage, Alaska;Marvel Comics;191.07;88.1;M;1963.0;Brown;Brown;10.0;good
Cypher;Douglas Aaron Ramsey;Place of birth unknown;Marvel Comics;175.54;68.41;;N/A;Blue;Blond;N/A;N/A
Cyborg Superman;Henry Henshaw;;DC Comics;;;M;1990.0;Blue;Black;95.0;good
Daphne Powell;Daphne Powell;;ABC Studios;;;F;2010.0;;;10.0;moderate
Daredevil;Matt Murdock;New York City, New York;Marvel Comics;183.68;90.45;M;1964.0;Blue;Red;15.0;good
Crimson Dynamo;Anton Vanko;;Marvel Comics;180.77;104.54;M;1963.0;Brown;No Hair;65.0;good
Cyborg;Victor Stone;New York City, New York;DC Comics;198.12;173.81;M;1980.0;Brown;Black;55.0;good
Corsair;Christopher Summers;;Marvel Comics;191.55;79.59;M;N/A;Brown;Brown;N/A;N/A
Cottonmouth;Burchell Clemens;;Marvel Comics;183.34;99.17;M;1985.0;Brown;Black;10.0;average
Copycat;Vanessa Carlysle;;Marvel Comics;183.47;67.55;F;1991.0;Red;White;10.0;average
Curse;Phillip Krahn;;Image Comics;;;M;N/A;;;N/A;N/A
Colossus;Piotr Nikolaievitch Rasputin;Ust-Ordynski Collective, near Lake Baikal, Siberia, Russia ;Marvel Comics;226.13;225.52;M;1975.0;Silver;Black;85.0;good
Cogliostro;Cain;;Image Comics;;;M;N/A;;;65.0;good
Crimson Crusader;Rory Destine;Ravenscroft, England ;Marvel Comics;;;M;1994.0;Blue;Strawberry Blond;60.0;average
Clock King;William Tockman;;DC Comics;178.06;78.02;M;1960.0;Blue;Black;10.0;good
Cloak;Tyrone Johnson;South Boston, Massachusetts;Marvel Comics;226.41;70.43;M;N/A;brown;black;10.0;good
Clea;Clea;The Dark Dimension;Marvel Comics;;;;N/A;;White;N/A;N/A
Citizen Steel;Nathan Heywood;;DC Comics;183.21;170.62;M;2007.0;Green;Red;95.0;average
Chromos;Bernard Embers;London, England;Team Epic TV;185.45;86.3;M;N/A;Brown;Red / Grey;N/A;N/A
Cheetah III;Barbara Minerva;;DC Comics;175.91;54.75;F;1987.0;Brown;Brown;100.0;high
Crystal;Crystallia Amaquelin;Attilan ;Marvel Comics;168.93;50.38;F;1965.0;Green;Red;20.0;good
Cheetah;Priscilla Rich;;DC Comics;163.3;50.1;F;1943.0;Green;Blond;10.0;moderate
Cheetah II;Deborah Domaine;;DC Comics;170.55;55.24;F;1980.0;Green;Brown;20.0;moderate
Chuck Norris;Carlos Ray Norris;Ryan, Oklahoma, United States;N/A;178.53;;M;N/A;;;80.0;average
Claire Bennet;Claire Bennet;;NBC - Heroes;;;F;N/A;Blue;Blond;10.0;moderate
Changeling;Kevin Sidney;;Marvel Comics;180.78;81.55;M;1967.0;Brown;Black;10.0;good
Cecilia Reyes;Dr. Cecilia Reyes;Place of birth unknown;Marvel Comics;170.63;62.27;;1997.0;Brown;Brown;N/A;N/A
Catwoman;Selina Kyle;Gotham City;DC Comics;175.1;61.49;F;N/A;Green;Black;15.0;good
Cat;Shirlee Bryant;Chicago, Illinois;Marvel Comics;173.65;61.58;F;N/A;Blue;Blond;90.0;high
Carnage;Cletus Kasady;;Marvel Comics;185.76;86.12;M;1991.0;Green;Red;65.0;good
Captain Marvel II;Frederick Christopher Freeman;;DC Comics;175.95;74.45;M;1995.0;Blue;Black;85.0;good
Chamber;Jonothon Evan Starsmore;United Kingdom;Marvel Comics;175.98;63.82;M;1994.0;Brown;Brown;10.0;average
Captain Marvel;Carol Danvers;Boston, Massachusetts;Marvel Comics;180.92;74.23;F;N/A;Blue;Blond;90.0;high
Captain Mar-vell;Mar-Vell;The city of Rad-Nam on the planet Kree-Lar in the Kree Galaxy (Greater Magellanic Cloud);Marvel Comics;188.05;108.86;M;N/A;Blue;Blond;N/A;N/A
Captain Cold;Leonard Snart;;DC Comics;;;M;2012.0;Brown;Brown;10.0;average
Cerebra;Shakti Haddad;;Marvel Comics;;;F;1993.0;;;60.0;good
Captain Britain;Brian Braddock;Braddock Manor, England;Marvel Comics;198.92;116.08;M;1976.0;Blue;Blond;80.0;good
Captain Atom;Nathaniel Adam;;DC Comics;193.68;90.33;M;N/A;Blue;Silver;95.0;high
Chameleon;Dmitri Anatoly Smerdyakov Kravinoff;Russia;DC Comics;;;M;N/A;;;10.0;high
Cannonball;Samuel Zachery Guthrie;Cumberland County, Kentucky ;Marvel Comics;183.7;81.7;M;1982.0;Blue;Blond;30.0;average
Cable;Nathan Summers;Unrevealed location in the 20th Century United States;Marvel Comics;203.08;158.59;M;N/A;Blue;White;50.0;high
Captain Hindsight;Jack Brolin;;South Park;;;M;N/A;;Black;10.0;moderate
Callisto;Callisto;;Marvel Comics;175.81;74.4;F;N/A;Blue;Black;55.0;good
Bumblebee;Karen Beecher;;DC Comics;170.48;59.46;F;N/A;Brown;Black;30.0;good
Bullseye;Lester;;Marvel Comics;183.08;90.67;M;1976.0;blue;blond;15.0;average
Captain America;Steve Rogers;Manhattan, New York City, New York;Marvel Comics;188.01;108.94;M;1941.0;blue;blond;20.0;good
Brainiac 5;Querl Dox;;DC Comics;170.91;61.94;M;N/A;Green;Blond;10.0;high
Brundlefly;Seth Brundle;;N/A;193.22;;M;1986.0;;;35.0;good
Brainiac;Vril Dox;;DC Comics;198.57;135.65;M;1958.0;Green;No Hair;95.0;high
Buffy;Buffy Anne Summers;;Dark Horse Comics;157.62;52.19;F;N/A;Green;Blond;30.0;good
Box IV;Madison Jeffries;Place of birth unknown;Marvel Comics;;;;N/A;Brown;Brown / Black;75.0;average
Bushido;Ryuko Orsono;;DC Comics;;;M;N/A;;;10.0;moderate
Boom-Boom;Tabitha Smith;;Marvel Comics;165.39;55.37;F;N/A;Blue;Blond;10.0;moderate
Box;Roger Bochs;;Marvel Comics;;;M;N/A;;;N/A;N/A
Brother Voodoo;Jericho Drumm;Port-au-Prince, Haiti;Marvel Comics;183.73;99.79;M;1973.0;Brown;Brown / White;65.0;high
Blue Beetle III;Jaime Reyes;Presumed to be El Paso;DC Comics;;;M;2006.0;Brown;Black;35.0;average
Box III;Dr. Walter Langowski;British Columbia;Marvel Comics;193.28;110.99;;N/A;Blue;Blond;N/A;N/A
Blue Beetle;Daniel Garrett;;DC Comics;;;M;N/A;Blue;Brown;N/A;N/A
Bloodwraith;Sean Dolan;;Marvel Comics;30.95;;M;1993.0;White;No Hair;75.0;average
Bloodaxe;Jackie Lukus;;Marvel Comics;218.07;495.33;F;N/A;Blue;Brown;80.0;good
Blob;Frederick J. Dukes;Lubbock, Texas ;Marvel Comics;178.58;230.51;M;1964.0;Brown;Brown;85.0;low
Blizzard II;Donald Gill;Newark, Delaware;Marvel Comics;175.15;77.94;M;1987.0;Brown;Brown;10.0;moderate
Blizzard;Gregor Shapanka;;Marvel Comics;;;M;N/A;;Brown;N/A;N/A
Blue Beetle II;Theodore Kord;Chicago, Illinois;DC Comics;183.85;86.89;M;1966.0;Blue;Brown;50.0;high
Blink;Clarice Ferguson;Bahamas;Marvel Comics;165.41;56.67;F;1994.0;Green;Magenta;10.0;average
Booster Gold;Michael Jon Carter;Gotham City, 25th Century;DC Comics;196.01;97.97;M;N/A;Blue;Blond;85.0;good
Bling!;Roxanne Washington ;;Marvel Comics;168.31;68.36;F;2005.0;;;15.0;good
Blackwulf;Lucian;Armechadon;Marvel Comics;188.17;88.64;M;1994.0;Red;White;30.0;average
Black Widow II;Yelena Belova;;Marvel Comics;170.25;61.85;F;N/A;Blue;Blond;N/A;N/A
Blade;Eric Brooks;Soho, London,England;Marvel Comics;188.45;97.4;M;1973.0;Brown;Black;30.0;good
Bloodhawk;Lemuel Krug;;Marvel Comics;;;M;2099.0;Black;No Hair;10.0;average
Blackwing;Joseph Manfredi;Professional Criminal;Marvel Comics;185.56;86.01;M;1975.0;Blue;Black;10.0;moderate
Black Mamba;Tanya Sealy;Chicago, Illinois;Marvel Comics;170.17;52.62;F;N/A;Green;Black;10.0;good
Black Lightning;Jefferson Pierce;;DC Comics;185.35;90.59;M;1977.0;Brown;No Hair;15.0;average
Black Widow;Natasha Romanoff;;Marvel Comics;170.79;59.34;F;N/A;Green;Auburn;15.0;good
Black Cat;Felicia Hardy;Queens, New York;Marvel Comics;178.87;54.64;F;1979.0;Green;Blond;20.0;good
Black Canary;Laurel Lance;;DC Comics;170.2;59.96;F;N/A;Blue;Blond;10.0;good
Black Bolt;Blackagar Boltagon;Attilan, Atlantic Ocean ;Marvel Comics;188.98;95.8;M;1965.0;Blue;Black;70.0;good
Black Adam;Teth-Adam;Kahndaq, Egypt;DC Comics;191.41;113.34;M;1945.0;Brown;Black;100.0;high
Black Canary;Dinah Drake Lance;;DC Comics;165.36;58.65;F;1947.0;Blue;Blond;10.0;good
Bizarro;Bizarro;;DC Comics;191.0;155.57;M;1958.0;Black;Black;95.0;moderate
Bishop;Lucas Bishop;A mutant relocation camp in an undisclosed location on an alternate 21st Century Earth;Marvel Comics;198.68;124.27;M;1991.0;Brown;No Hair;15.0;good
Birdman;Ray Randal;;Hanna-Barbera;;;M;1967.0;;;55.0;high
Bird-Man;Henry Hawk;;Marvel Comics;;;M;1965.0;;;N/A;N/A
Bird-Man II;Achille DiBacco;The Bar with No Name, Medina County, Ohio ;Marvel Comics;;;M;1979.0;;;N/A;N/A
Black Manta;David;;DC Comics;188.12;92.78;M;1967.0;Black;No Hair;30.0;good
Binary;Carol Danvers;Boston, Massachusetts;Marvel Comics;180.34;54.36;F;N/A;Blue;Blond;N/A;N/A
Billy Kincaid;Billy Kincaid;;Image Comics;;;M;1992.0;;;N/A;N/A
Black Knight III;Dane Whitman;Gloucester, Massachusetts ;Marvel Comics;183.5;86.99;M;1967.0;Brown;Brown;10.0;good
Big Daddy;Damon Macready;;Icon Comics;;;M;N/A;;;10.0;moderate
Big Man;Frederick Foswell;;Marvel Comics;165.33;71.0;M;1964.0;Blue;Brown;15.0;good
Big Barda;Barda Free;;DC Comics;188.53;135.38;F;N/A;Blue;Black;100.0;high
Bionic Woman;Jamie Sommers;;N/A;;;F;N/A;Blue;Black;40.0;average
Ben 10;Benjamin Kirby Tennyson;;DC Comics;;;M;N/A;;;10.0;low
Beta Ray Bill;Beta Ray Bill (translation of his Korbinite name);Burning Galaxy;Marvel Comics;201.3;216.73;M;N/A;;No Hair;80.0;good
Beast;Henry Philip McCoy;Dunfee, Illinois;Marvel Comics;180.85;181.73;M;N/A;Blue;Blue;50.0;high
Beast Boy;Garfield Mark Logan;;DC Comics;173.62;68.99;M;1965.0;Green;Green;30.0;average
Batwoman V;Katherine Rebecca Kane;;DC Comics;178.14;;F;2006.0;Green;Red;10.0;high
Batman II;Dick Grayson;;DC Comics;178.07;79.25;M;N/A;Blue;Black;15.0;high
Batman;Terry McGinnis;Gotham City, 25th Century;DC Comics;178.04;77.88;M;N/A;Blue;Black;40.0;high
Battlestar;Lemar Hoskins ;Chicago, Illinois ;Marvel Comics;198.54;133.04;M;1986.0;Brown;Black;55.0;average
Batgirl V;Charlotte Gage-Radcliffe;;DC Comics;;;F;N/A;;;N/A;N/A
Batgirl III;Helena Rosa Bertinelli;;DC Comics;;;F;N/A;;;N/A;N/A
Batman;Bruce Wayne;"Crest Hill, Bristol Township; Gotham County";DC Comics;188.97;95.22;M;N/A;blue;black;20.0;high
Batgirl VI;Stephanie Brown;;DC Comics;168.29;61.82;F;2009.0;Blue;Blond;10.0;good
Batgirl;Barbara Gordon;;DC Comics;170.12;57.1;F;N/A;Green;Red;15.0;high
Batgirl;Mary Elizabeth Kane;;DC Comics;;;F;N/A;;;30.0;average
Bantam;Roberto Velasquez;;Marvel Comics;165.8;54.6;M;2006.0;Brown;Black;55.0;moderate
Banshee;Sean Cassidy;Cassidy Keep, Ireland;Marvel Comics;183.74;77.27;M;1967.0;Green;Strawberry Blond;10.0;average
Black Panther;T'Challa;Wakanda, Africa;Marvel Comics;183.03;90.5;M;1966.0;Brown;Black;20.0;high
Azrael;Michael Washington Lane;Gotham City ;DC Comics;;;M;2008.0;Brown;Black;20.0;good
Aztar;Aztar;;DC Comics;;;M;1940.0;;;100.0;high
Beak;Barnell Bohusk ;Cheverly, Maryland ;Marvel Comics;175.3;63.09;M;N/A;Black;White;N/A;N/A
Aurora;Jeanne-Marie Beaubier;Montreal, Quebec, Canada ;Marvel Comics;180.81;63.48;F;1979.0;Blue;Black;10.0;good
Atom II;Ray Palmer;;DC Comics;183.43;81.35;M;N/A;Brown;Auburn;10.0;high
Atom IV;Ryan Choi;;DC Comics;;72.07;M;N/A;Brown;Black;N/A;N/A
Batgirl IV;Cassandra Cain;League of Assassins (exact base is unknown);DC Comics;165.32;52.56;F;N/A;Green;Black;15.0;good
Atom Girl;Salu Digby;;DC Comics;168.68;54.07;F;2004.0;Black;Black;10.0;moderate
Atom;Albert Pratt;;DC Comics;178.73;68.89;M;N/A;Blue;Red;N/A;N/A
Arsenal;Roy William Harper, Jr.;;DC Comics;;;M;N/A;;;N/A;N/A
Atlas;Erik Josten;Milwaukee, Wisconsin;Marvel Comics;183.09;101.66;M;N/A;Brown;Red;80.0;good
Armor;Hisako Ichiki;;Marvel Comics;163.33;50.39;F;2004.0;Black;Black;65.0;average
Ardina;Ardina;;Marvel Comics;193.98;98.68;F;N/A;White;Orange;100.0;good
Arclight;Philippa Sontag;Vietnam;Marvel Comics;173.43;57.25;F;1986.0;Violet;Purple;65.0;moderate
Archangel;Warren Kenneth Worthington III ;Centerport, Long Island, New York ;Marvel Comics;183.82;68.63;M;1963.0;Blue;Blond;15.0;good
Astro Boy;Atom;;N/A;;;M;N/A;Brown;Black;95.0;average
Atom III;Adam Cray;;DC Comics;;;M;N/A;;Red;N/A;N/A
Aqualad;Garth;Poseidonis, Atlantis;DC Comics;178.89;106.83;M;1960.0;Blue;Black;45.0;good
Ariel;Ariel;;Marvel Comics;165.35;59.17;F;1987.0;Purple;Pink;10.0;average
Aquababy;Arthur Curry, Jr.;;DC Comics;;;M;1965.0;Blue;Blond;20.0;low
Aquaman;Orin;Atlantis;DC Comics;185.71;146.96;M;1941.0;Blue;Blond;85.0;high
Apocalypse;En Sabah Nur;Akkaba, Egypt ;Marvel Comics;213.77;135.62;M;1986.0;Red;Black;100.0;high
Ant-Man II;Scott Lang;Coral Gables, Florida;Marvel Comics;183.67;86.28;M;1979.0;Blue;Blond;20.0;good
Anti-Venom;Eddie Brock;San Francisco, California;Marvel Comics;229.46;358.05;M;N/A;Blue;Blond;60.0;good
Anti-Spawn;Jason Wynn;;Image Comics;;;M;N/A;;;60.0;good
Annihilus;Annihilus;Planet of Arthros, Sector 17A, Negative Zone;Marvel Comics;180.94;90.11;M;1968.0;Green;No Hair;80.0;good
Angel;Warren Kenneth Worthington III;Centerport, Long Island, New York ;Marvel Comics;183.05;68.99;M;1969.0;Blue;Blond;15.0;good
Arachne;Julia Carpenter;Los Angeles, California;Marvel Comics;175.15;63.75;F;N/A;Blue;Blond;50.0;average
Angel;Liam;;Dark Horse Comics;;;M;N/A;;;30.0;good
Alien;Xenomorph;Your chest :);Dark Horse Comics;244.3;169.66;M;1979.0;;No Hair;30.0;average
Alfred Pennyworth;Alfred Thaddeus Crane Pennyworth;;DC Comics;178.26;72.98;M;1943.0;Blue;Black;10.0;good
Ando Masahashi;Ando Masahashi;;NBC - Heroes;;;M;N/A;;;N/A;N/A
Alex Woolsly;Alex Woolsly;;NBC - Heroes;;;M;N/A;;;40.0;average
Alan Scott;Alan Ladd Wellington Scott;Gotham City;DC Comics;180.98;90.81;M;1940.0;Blue;Blond;80.0;good
Ant-Man;Hank Pym;Elmsford, New York;Marvel Comics;211.74;122.44;M;1962.0;Blue;Blond;20.0;high
Ajax;Francis;;Marvel Comics;193.34;90.63;M;1998.0;Brown;Black;50.0;average
Alex Mercer;Alexander J. Mercer;;Wildstorm;;;M;N/A;;;80.0;average
